{
  "timestamp": "2026-02-22T13:55:37.919231",
  "plc_url": "opc.tcp://localhost:4840",
  "samples": 100,
  "latency_ms": {
    "mean": 19.100594000774436,
    "median": 17.836699989857152,
    "stdev": 4.998967755046369,
    "p95": 33.07040000800043,
    "p99": 37.38219995284453,
    "min": 4.604400019161403,
    "max": 37.38219995284453
  },
  "raw_samples_first_20": [
    4.604400019161403,
    8.782799995969981,
    15.58349997503683,
    15.861499996390194,
    15.926399966701865,
    16.019600036088377,
    16.039500012993813,
    16.129399999044836,
    16.13919995725155,
    16.160400002263486,
    16.4249999797903,
    16.712100012227893,
    16.735600016545504,
    16.81330002611503,
    16.817199997603893,
    16.834399953950197,
    16.842499957419932,
    16.845499980263412,
    16.87709998805076,
    16.94500003941357
  ]
}